{
  "metrics": {
    "noi_year1": 592227.2500000002,
    "loan_amount": 5200000,
    "unlevered_irr": 0.10147298079206579,
    "levered_irr": 0.14916357594042268,
    "equity_multiple": 1.92911479551942,
    "exit_value": 9723167.323505893
  }
}
