{
  "metrics": {
    "noi_year1": 205124.99999999997,
    "loan_amount": 1625000,
    "unlevered_irr": 0.12676652470347438,
    "levered_irr": 0.2111124007619769,
    "equity_multiple": 2.435482800575907,
    "exit_value": 3313527.298589286
  }
}
