{
  "metrics": {
    "noi_year1": -450000,
    "loan_amount": 3500000,
    "unlevered_irr": 0.6714720679395735,
    "levered_irr": 0.41961715273805134,
    "equity_multiple": 5.177469859081873,
    "exit_value": 61785644.40460845
  }
}
